Občina,Spol,Polletje,Starostne skupine - SKUPAJ,0-4 let,5-9 let,10-14 let,15-19 let,20-24 let,25-29 let,30-34 let,35-39 let,40-44 let,45-49 let,50-54 let,55-59 let,60-64 let,65-69 let,70-74 let,75-79 let,80-84 let,85-89 let,90-94 let,95-99 let,100 + let
001,0,2025H2,19866,1009,1109,1201,1039,959,998,1158,1318,1314,1491,1391,1326,1303,1248,1163,815,461,367,168,24,4
001,1,2025H2,10036,533,556,619,563,483,485,578,676,717,793,734,684,665,629,570,381,189,135,39,6,1
001,2,2025H2,9830,476,553,582,476,476,513,580,642,597,698,657,642,638,619,593,434,272,232,129,18,3
002,0,2025H2,8138,335,372,367,405,389,420,450,515,538,605,636,628,615,564,503,334,280,121,50,9,2
002,1,2025H2,4080,183,209,189,209,196,220,239,260,288,313,319,326,297,290,235,148,94,44,16,4,1
002,2,2025H2,4058,152,163,178,196,193,200,211,255,250,292,317,302,318,274,268,186,186,77,34,5,1
003,0,2025H2,7797,284,321,405,346,319,364,353,467,485,595,560,562,557,517,576,445,340,188,87,20,6
003,1,2025H2,3823,166,171,209,198,161,184,179,253,246,296,299,272,284,241,249,184,132,71,23,5,0
003,2,2025H2,3974,118,150,196,148,158,180,174,214,239,299,261,290,273,276,327,261,208,117,64,15,6
004,0,2025H2,5203,223,225,254,254,233,242,275,300,321,362,390,369,382,373,336,294,170,112,68,17,3
004,1,2025H2,2617,112,110,142,134,122,124,143,163,164,184,208,190,210,179,158,136,71,42,20,5,0
004,2,2025H2,2586,111,115,112,120,111,118,132,137,157,178,182,179,172,194,178,158,99,70,48,12,3
005,0,2025H2,4549,193,287,294,237,208,210,267,328,354,336,284,296,299,306,256,163,104,87,32,8,0
005,1,2025H2,2290,98,143,149,141,112,103,128,185,179,175,133,147,145,150,136,78,44,35,8,1,0
005,2,2025H2,2259,95,144,145,96,96,107,139,143,175,161,151,149,154,156,120,85,60,52,24,7,0
006,0,2025H2,3017,93,91,118,131,113,114,159,178,189,211,192,229,251,258,237,180,135,96,32,8,2
006,1,2025H2,1485,57,43,55,64,60,58,74,88,99,108,101,118,129,132,120,81,53,40,5,0,0
006,2,2025H2,1532,36,48,63,67,53,56,85,90,90,103,91,111,122,126,117,99,82,56,27,8,2
007,0,2025H2,5577,223,275,271,272,227,267,266,346,395,427,408,410,398,395,390,258,137,130,64,17,1
007,1,2025H2,2766,109,140,136,130,111,134,146,190,201,211,226,199,188,196,199,116,59,51,19,5,0
007,2,2025H2,2811,114,135,135,142,116,133,120,156,194,216,182,211,210,199,191,142,78,79,45,12,1
008,0,2025H2,12917,576,702,829,827,657,692,656,793,921,1038,956,932,875,651,656,456,337,240,102,20,1
008,1,2025H2,6382,301,371,434,386,327,389,323,397,453,517,496,457,454,312,305,214,131,79,32,4,0
008,2,2025H2,6535,275,331,395,441,330,303,333,396,468,521,460,475,421,339,351,242,206,161,70,16,1
009,0,2025H2,24015,943,1082,1195,1154,1096,1106,1251,1497,1641,1810,1790,1693,1804,1663,1633,1187,717,517,198,35,3
009,1,2025H2,11986,514,569,619,589,572,574,677,800,870,941,922,845,914,778,762,545,272,171,45,7,0
009,2,2025H2,12029,429,513,576,565,524,532,574,697,771,869,868,848,890,885,871,642,445,346,153,28,3
010,0,2025H2,4021,151,169,182,203,197,192,218,229,250,324,332,330,310,290,244,184,112,61,35,7,1
010,1,2025H2,2006,92,89,90,98,96,101,109,115,128,162,177,182,157,135,116,83,45,18,9,3,1
010,2,2025H2,2015,59,80,92,105,101,91,109,114,122,162,155,148,153,155,128,101,67,43,26,4,0
011,0,2025H2,47555,1866,2025,2545,2417,2072,2273,2430,3058,3484,3868,3360,3291,3450,3212,2937,2105,1619,985,426,119,13
011,1,2025H2,23363,963,1009,1286,1232,1058,1246,1265,1589,1809,2060,1755,1639,1656,1470,1329,878,612,352,128,22,5
011,2,2025H2,24192,903,1016,1259,1185,1014,1027,1165,1469,1675,1808,1605,1652,1794,1742,1608,1227,1007,633,298,97,8
012,0,2025H2,7752,392,415,468,462,418,439,431,500,547,574,576,578,489,421,361,255,214,149,52,10,1
012,1,2025H2,3866,194,205,260,244,220,215,219,248,279,287,291,304,244,203,169,115,90,57,17,4,1
012,2,2025H2,3886,198,210,208,218,198,224,212,252,268,287,285,274,245,218,192,140,124,92,35,6,0
013,0,2025H2,11679,528,593,665,637,525,589,697,781,794,824,828,833,837,773,610,455,310,275,96,28,1
013,1,2025H2,5948,273,338,324,311,275,298,353,440,437,419,432,447,423,399,304,221,116,99,31,8,0
013,2,2025H2,5731,255,255,341,326,250,291,344,341,357,405,396,386,414,374,306,234,194,176,65,20,1
014,0,2025H2,4639,200,234,228,243,198,220,264,267,298,335,292,333,337,331,344,238,127,105,31,13,1
014,1,2025H2,2367,106,123,118,113,100,129,137,139,164,183,151,158,182,161,170,130,48,42,10,3,0
014,2,2025H2,2272,94,111,110,130,98,91,127,128,134,152,141,175,155,170,174,108,79,63,21,10,1
015,0,2025H2,3988,146,188,196,210,193,205,208,212,297,354,310,234,244,318,294,176,121,57,20,3,2
015,1,2025H2,1994,80,92,91,101,102,97,114,107,167,190,164,122,119,144,145,80,51,21,7,0,0
015,2,2025H2,1994,66,96,105,109,91,108,94,105,130,164,146,112,125,174,149,96,70,36,13,3,2
016,0,2025H2,3005,110,127,116,130,131,130,162,172,188,213,204,248,240,253,237,126,111,59,42,5,1
016,1,2025H2,1493,54,58,45,59,72,74,82,94,102,117,97,132,124,125,128,60,42,17,9,2,0
016,2,2025H2,1512,56,69,71,71,59,56,80,78,86,96,107,116,116,128,109,66,69,42,33,3,1
017,0,2025H2,14196,626,685,721,738,624,653,705,928,983,1098,904,927,1096,1086,982,664,359,265,128,21,3
017,1,2025H2,7220,324,339,387,402,312,335,363,499,538,617,484,460,523,554,487,298,163,90,41,3,1
017,2,2025H2,6976,302,346,334,336,312,318,342,429,445,481,420,467,573,532,495,366,196,175,87,18,2
018,0,2025H2,2660,103,124,143,141,123,140,138,174,196,219,208,173,205,193,171,97,60,40,10,2,0
018,1,2025H2,1355,57,60,79,75,65,75,71,89,97,119,100,91,103,101,95,48,17,10,3,0,0
018,2,2025H2,1305,46,64,64,66,58,65,67,85,99,100,108,82,102,92,76,49,43,30,7,2,0
019,0,2025H2,4297,189,220,211,223,145,189,214,309,341,359,286,307,352,280,261,175,92,97,40,6,1
019,1,2025H2,2234,99,109,121,111,87,102,108,166,181,195,168,159,176,163,117,93,34,28,15,2,0
019,2,2025H2,2063,90,111,90,112,58,87,106,143,160,164,118,148,176,117,144,82,58,69,25,4,1
020,0,2025H2,3763,152,194,209,216,210,217,203,242,266,271,222,287,299,249,170,129,111,79,29,8,0
020,1,2025H2,1953,71,110,115,122,122,103,104,130,136,151,119,149,153,135,87,63,49,27,5,2,0
020,2,2025H2,1810,81,84,94,94,88,114,99,112,130,120,103,138,146,114,83,66,62,52,24,6,0
021,0,2025H2,8072,385,423,529,495,480,462,439,442,517,584,629,650,510,398,362,297,225,163,71,10,1
021,1,2025H2,4061,196,226,283,262,252,261,209,232,266,277,322,345,261,199,164,129,94,60,23,0,0
021,2,2025H2,4011,189,197,246,233,228,201,230,210,251,307,307,305,249,199,198,168,131,103,48,10,1
022,0,2025H2,6347,274,356,448,389,308,309,340,426,469,544,467,398,386,349,332,274,147,81,41,8,1
022,1,2025H2,3161,149,186,230,206,147,168,170,220,234,276,239,201,171,165,156,139,59,31,14,0,0
022,2,2025H2,3186,125,170,218,183,161,141,170,206,235,268,228,197,215,184,176,135,88,50,27,8,1
023,0,2025H2,37258,1792,2039,2192,2187,1875,1872,2089,2548,2632,2822,2827,2710,2335,1993,1847,1422,1045,674,291,62,4
023,1,2025H2,18462,946,1002,1155,1161,991,974,1075,1315,1323,1441,1373,1377,1131,958,843,606,430,261,82,17,1
023,2,2025H2,18796,846,1037,1037,1026,884,898,1014,1233,1309,1381,1454,1333,1204,1035,1004,816,615,413,209,45,3
024,0,2025H2,2684,117,126,130,139,120,124,158,167,193,195,227,208,202,171,157,119,75,48,8,0,0
024,1,2025H2,1337,57,63,69,66,57,57,87,89,107,100,123,105,102,87,70,56,30,10,2,0,0
024,2,2025H2,1347,60,63,61,73,63,67,71,78,86,95,104,103,100,84,87,63,45,38,6,0,0
025,0,2025H2,8586,350,426,429,429,375,470,494,509,575,579,595,689,679,577,507,348,285,179,73,16,2
025,1,2025H2,4296,169,208,218,208,200,234,257,293,311,293,299,359,343,300,242,176,106,60,18,2,0
025,2,2025H2,4290,181,218,211,221,175,236,237,216,264,286,296,330,336,277,265,172,179,119,55,14,2
026,0,2025H2,7033,250,352,414,362,299,307,364,426,540,523,555,560,533,486,421,290,204,103,36,8,0
026,1,2025H2,3454,136,171,205,174,161,158,190,203,261,282,280,274,250,243,212,130,79,35,9,1,0
026,2,2025H2,3579,114,181,209,188,138,149,174,223,279,241,275,286,283,243,209,160,125,68,27,7,0
027,0,2025H2,7847,439,503,562,544,464,495,443,494,527,518,499,497,485,425,347,200,192,130,70,13,0
027,1,2025H2,3922,206,250,280,279,224,252,225,258,282,278,247,250,241,222,180,81,78,61,24,4,0
027,2,2025H2,3925,233,253,282,265,240,243,218,236,245,240,252,247,244,203,167,119,114,69,46,9,0
028,0,2025H2,4059,152,222,219,200,220,214,199,288,291,303,313,296,298,281,201,148,116,65,30,3,0
028,1,2025H2,2090,80,120,124,101,122,124,100,154,156,147,177,147,148,155,101,61,45,26,2,0,0
028,2,2025H2,1969,72,102,95,99,98,90,99,134,135,156,136,149,150,126,100,87,71,39,28,3,0
029,0,2025H2,8325,295,391,407,364,340,375,434,522,612,594,633,643,634,617,563,392,296,147,50,15,1
029,1,2025H2,4137,162,212,216,190,169,196,225,275,310,293,338,311,312,304,268,171,122,43,17,3,0
029,2,2025H2,4188,133,179,191,174,171,179,209,247,302,301,295,332,322,313,295,221,174,104,33,12,1
030,0,2025H2,2429,99,101,127,141,113,117,151,147,153,178,175,163,188,185,155,102,56,47,25,6,0
030,1,2025H2,1247,47,50,74,74,55,61,85,88,77,104,91,79,108,80,79,51,27,14,1,2,0
030,2,2025H2,1182,52,51,53,67,58,56,66,59,76,74,84,84,80,105,76,51,29,33,24,4,0
031,0,2025H2,1954,55,71,95,60,75,79,91,118,130,144,144,130,141,184,190,119,76,34,14,3,1
031,1,2025H2,965,28,38,57,29,39,39,40,57,65,82,68,68,71,99,89,55,29,9,3,0,0
031,2,2025H2,989,27,33,38,31,36,40,51,61,65,62,76,62,70,85,101,64,47,25,11,3,1
032,0,2025H2,21234,1051,1185,1313,1360,1114,1075,1191,1411,1582,1739,1568,1433,1307,1160,1031,762,488,323,114,25,2
032,1,2025H2,10837,530,589,663,735,583,583,620,756,841,929,819,732,689,567,457,359,209,134,35,7,0
032,2,2025H2,10397,521,596,650,625,531,492,571,655,741,810,749,701,618,593,574,403,279,189,79,18,2
033,0,2025H2,1335,43,44,42,36,58,65,61,68,86,101,109,103,103,116,124,80,58,28,8,2,0
033,1,2025H2,684,29,21,24,19,33,39,34,31,51,53,57,49,53,67,57,41,17,8,1,0,0
033,2,2025H2,651,14,23,18,17,25,26,27,37,35,48,52,54,50,49,67,39,41,20,7,2,0
034,0,2025H2,8774,258,348,388,399,386,404,405,542,610,641,555,649,764,779,605,431,309,206,77,16,2
034,1,2025H2,4334,141,179,206,205,193,228,216,286,329,322,285,303,376,372,295,186,120,72,19,1,0
034,2,2025H2,4440,117,169,182,194,193,176,189,256,281,319,270,346,388,407,310,245,189,134,58,15,2
035,0,2025H2,5092,247,255,255,238,208,225,299,350,392,403,388,366,339,337,298,225,114,108,39,4,2
035,1,2025H2,2596,133,146,121,109,120,120,153,187,207,207,217,183,176,171,144,107,45,41,9,0,0
035,2,2025H2,2496,114,109,134,129,88,105,146,163,185,196,171,183,163,166,154,118,69,67,30,4,2
036,0,2025H2,11386,420,478,633,595,542,588,586,700,685,834,830,879,803,738,759,586,337,252,102,34,5
036,1,2025H2,5719,202,249,317,300,275,323,321,374,368,442,455,460,418,342,360,263,144,71,30,4,1
036,2,2025H2,5667,218,229,316,295,267,265,265,326,317,392,375,419,385,396,399,323,193,181,72,30,4
037,0,2025H2,7520,332,435,496,489,355,299,343,488,581,641,536,506,462,450,462,304,177,116,42,4,2
037,1,2025H2,3804,172,222,249,260,192,168,176,249,294,344,287,245,224,214,214,164,72,43,14,0,1
037,2,2025H2,3716,160,213,247,229,163,131,167,239,287,297,249,261,238,236,248,140,105,73,28,4,1
038,0,2025H2,13188,448,568,640,644,505,559,604,777,936,1034,964,960,957,998,993,696,478,281,119,24,3
038,1,2025H2,6637,220,289,321,325,242,289,302,417,499,554,561,499,492,481,496,313,200,98,36,2,1
038,2,2025H2,6551,228,279,319,319,263,270,302,360,437,480,403,461,465,517,497,383,278,183,83,22,2
039,0,2025H2,17895,1012,1100,1115,1016,849,908,1136,1288,1362,1383,1181,1270,1187,1033,775,512,371,271,103,20,3
039,1,2025H2,9180,541,578,595,532,424,479,583,675,733,721,628,665,620,519,375,249,141,97,19,5,1
039,2,2025H2,8715,471,522,520,484,425,429,553,613,629,662,553,605,567,514,400,263,230,174,84,15,2
040,0,2025H2,15657,530,640,758,784,657,641,650,923,1114,1252,1087,1092,1161,1303,1186,811,461,386,166,49,6
040,1,2025H2,7718,278,342,400,396,338,354,344,446,592,657,566,565,539,596,556,369,206,117,44,12,1
040,2,2025H2,7939,252,298,358,388,319,287,306,477,522,595,521,527,622,707,630,442,255,269,122,37,5
041,0,2025H2,20963,856,996,1044,1075,998,1049,1082,1325,1581,1632,1390,1335,1511,1569,1441,971,578,361,133,32,4
041,1,2025H2,10622,428,553,564,564,538,581,542,720,840,897,730,663,733,714,697,447,234,131,41,4,1
041,2,2025H2,10341,428,443,480,511,460,468,540,605,741,735,660,672,778,855,744,524,344,230,92,28,3
042,0,2025H2,2343,100,120,126,133,95,106,154,131,189,167,195,169,161,159,142,92,51,38,13,2,0
042,1,2025H2,1217,58,62,67,67,51,51,94,70,102,93,96,98,81,87,69,43,18,9,1,0,0
042,2,2025H2,1126,42,58,59,66,44,55,60,61,87,74,99,71,80,72,73,49,33,29,12,2,0
043,0,2025H2,29361,1281,1515,1774,1716,1423,1447,1552,1889,2136,2276,2060,2028,1987,1874,1744,1078,778,527,216,53,7
043,1,2025H2,14501,661,762,862,891,727,785,816,987,1089,1167,1071,985,950,875,796,495,318,185,62,14,3
043,2,2025H2,14860,620,753,912,825,696,662,736,902,1047,1109,989,1043,1037,999,948,583,460,342,154,39,4
044,0,2025H2,5228,189,201,257,246,235,244,247,314,362,408,393,372,383,395,349,258,180,128,48,15,4
044,1,2025H2,2650,93,113,128,136,119,140,140,167,190,227,211,184,190,198,173,108,74,39,15,4,1
044,2,2025H2,2578,96,88,129,110,116,104,107,147,172,181,182,188,193,197,176,150,106,89,33,11,3
045,0,2025H2,6553,291,335,312,339,274,305,360,421,475,465,487,520,474,485,368,283,183,108,56,12,0
045,1,2025H2,3202,159,162,153,162,144,154,176,208,240,228,253,254,226,247,176,128,76,37,18,1,0
045,2,2025H2,3351,132,173,159,177,130,151,184,213,235,237,234,266,248,238,192,155,107,71,38,11,0
046,0,2025H2,4058,124,168,247,183,183,185,194,247,267,308,252,285,324,318,290,202,127,104,37,13,0
046,1,2025H2,2059,71,89,141,92,89,100,96,131,138,163,111,149,167,168,146,109,43,45,6,5,0
046,2,2025H2,1999,53,79,106,91,94,85,98,116,129,145,141,136,157,150,144,93,84,59,31,8,0
047,0,2025H2,515,16,21,27,20,24,24,25,26,31,34,42,46,52,26,48,26,18,3,5,1,0
047,1,2025H2,266,8,10,16,12,16,15,11,13,16,16,24,19,28,14,23,18,7,0,0,0,0
047,2,2025H2,249,8,11,11,8,8,9,14,13,15,18,18,27,24,12,25,8,11,3,5,1,0
048,0,2025H2,15600,603,762,828,758,693,701,799,992,1162,1207,980,997,1187,1205,1111,700,376,345,160,29,5
048,1,2025H2,7778,331,385,419,403,344,369,427,532,631,644,487,503,560,605,522,310,150,117,33,5,1
048,2,2025H2,7822,272,377,409,355,349,332,372,460,531,563,493,494,627,600,589,390,226,228,127,24,4
049,0,2025H2,3543,91,151,164,179,157,152,170,189,228,266,299,254,282,275,262,205,84,97,34,4,0
049,1,2025H2,1761,46,74,86,89,74,82,95,104,115,141,146,135,138,141,130,94,37,29,5,0,0
049,2,2025H2,1782,45,77,78,90,83,70,75,85,113,125,153,119,144,134,132,111,47,68,29,4,0
050,0,2025H2,51494,1854,2372,2781,2636,2275,2254,2431,3117,3860,4274,4009,3545,3603,3516,3274,2505,1480,1090,501,104,13
050,1,2025H2,25452,924,1255,1409,1353,1197,1177,1243,1562,1959,2182,2097,1816,1784,1695,1508,1145,603,363,157,19,4
050,2,2025H2,26042,930,1117,1372,1283,1078,1077,1188,1555,1901,2092,1912,1729,1819,1821,1766,1360,877,727,344,85,9
051,0,2025H2,3047,127,138,136,142,160,158,150,166,213,204,227,264,239,220,188,143,78,63,22,8,1
051,1,2025H2,1544,60,84,72,67,86,79,81,90,117,101,118,130,120,123,85,70,35,16,8,2,0
051,2,2025H2,1503,67,54,64,75,74,79,69,76,96,103,109,134,119,97,103,73,43,47,14,6,1
052,0,2025H2,55551,2314,2832,3196,3074,2558,2664,2868,3611,4176,4333,3954,3820,3782,3322,3122,2346,1778,1169,499,122,11
052,1,2025H2,27494,1212,1503,1653,1577,1334,1427,1510,1854,2174,2247,2044,1901,1839,1558,1439,951,691,416,138,24,2
052,2,2025H2,28057,1102,1329,1543,1497,1224,1237,1358,1757,2002,2086,1910,1919,1943,1764,1683,1395,1087,753,361,98,9
053,0,2025H2,5141,166,193,202,235,200,175,240,258,304,390,402,376,401,414,429,330,209,140,59,16,2
053,1,2025H2,2593,93,87,110,127,105,91,118,142,155,210,216,205,208,196,191,162,98,53,19,7,0
053,2,2025H2,2548,73,106,92,108,95,84,122,116,149,180,186,171,193,218,238,168,111,87,40,9,2
054,0,2025H2,25931,1194,1410,1425,1333,1225,1349,1434,1675,1767,1895,1832,1770,1821,1747,1529,1082,688,464,245,40,6
054,1,2025H2,13050,612,718,721,695,633,702,775,866,933,1025,965,905,892,836,753,491,291,162,63,10,2
054,2,2025H2,12881,582,692,704,638,592,647,659,809,834,870,867,865,929,911,776,591,397,302,182,30,4
055,0,2025H2,4930,180,210,238,253,230,226,226,288,360,395,403,350,394,328,344,209,155,94,43,4,0
055,1,2025H2,2519,98,110,131,122,124,129,120,156,190,194,214,180,202,167,162,107,68,31,13,1,0
055,2,2025H2,2411,82,100,107,131,106,97,106,132,170,201,189,170,192,161,182,102,87,63,30,3,0
056,0,2025H2,1571,62,76,87,77,52,65,89,101,92,148,138,107,105,80,103,98,54,19,16,2,0
056,1,2025H2,778,28,43,45,43,29,30,46,42,45,80,74,53,62,39,42,44,27,4,2,0,0
056,2,2025H2,793,34,33,42,34,23,35,43,59,47,68,64,54,43,41,61,54,27,15,14,2,0
057,0,2025H2,12929,528,588,653,630,595,620,675,820,870,901,925,1003,1006,924,810,581,422,252,99,22,5
057,1,2025H2,6367,263,305,318,325,292,304,387,416,436,474,461,520,497,439,406,254,153,89,23,5,0
057,2,2025H2,6562,265,283,335,305,303,316,288,404,434,427,464,483,509,485,404,327,269,163,76,17,5
058,0,2025H2,7957,356,412,428,403,378,371,454,493,537,594,556,605,546,526,496,370,248,123,44,16,1
058,1,2025H2,3942,180,209,233,195,206,196,220,259,288,299,267,285,276,268,242,164,99,43,10,3,0
058,2,2025H2,4015,176,203,195,208,172,175,234,234,249,295,289,320,270,258,254,206,149,80,34,13,1
059,0,2025H2,10045,354,404,416,385,377,419,479,596,701,732,688,760,826,877,813,558,372,188,77,21,2
059,1,2025H2,4924,188,203,197,193,170,230,241,310,372,365,361,376,377,432,411,270,141,66,16,5,0
059,2,2025H2,5121,166,201,219,192,207,189,238,286,329,367,327,384,449,445,402,288,231,122,61,16,2
060,0,2025H2,15705,681,822,871,878,675,808,868,1056,1191,1146,1060,1153,1157,1092,882,602,401,238,103,20,1
060,1,2025H2,7905,365,443,453,446,335,428,462,565,628,602,536,586,583,523,426,268,148,78,24,5,1
060,2,2025H2,7800,316,379,418,432,340,380,406,491,563,544,524,567,574,569,456,334,253,160,79,15,0
061,0,2025H2,272052,11601,12911,14496,14014,11432,12258,14296,18008,21037,22113,19597,18765,17876,16300,16199,12481,8600,6216,2956,764,132
061,1,2025H2,131695,5985,6595,7474,7096,5877,6380,7312,9148,10749,11286,9866,9263,8610,7435,7065,5105,3190,2187,870,176,26
061,2,2025H2,140357,5616,6316,7022,6918,5555,5878,6984,8860,10288,10827,9731,9502,9266,8865,9134,7376,5410,4029,2086,588,106
062,0,2025H2,2565,107,144,132,139,105,147,146,165,171,184,171,203,212,178,125,109,69,42,12,4,0
062,1,2025H2,1281,55,73,63,69,56,73,83,82,90,102,82,108,102,93,55,48,28,14,4,1,0
062,2,2025H2,1284,52,71,69,70,49,74,63,83,81,82,89,95,110,85,70,61,41,28,8,3,0
063,0,2025H2,10877,349,447,501,586,504,507,543,598,719,836,835,836,777,800,733,558,399,229,99,18,3
063,1,2025H2,5385,167,247,272,278,229,255,293,307,357,433,435,450,390,381,355,265,164,77,26,3,1
063,2,2025H2,5492,182,200,229,308,275,252,250,291,362,403,400,386,387,419,378,293,235,152,73,15,2
064,0,2025H2,14609,744,882,961,895,704,815,869,994,1020,1118,933,1080,927,821,682,437,313,266,123,23,2
064,1,2025H2,7438,393,486,507,454,375,439,439,526,548,583,468,547,471,410,340,204,126,86,33,3,0
064,2,2025H2,7171,351,396,454,441,329,376,430,468,472,535,465,533,456,411,342,233,187,180,90,20,2
065,0,2025H2,3503,119,128,171,207,192,193,168,181,208,232,273,280,277,230,211,163,123,100,40,7,0
065,1,2025H2,1776,58,73,93,102,95,104,98,93,125,115,134,153,156,123,101,68,41,32,9,3,0
065,2,2025H2,1727,61,55,78,105,97,89,70,88,83,117,139,127,121,107,110,95,82,68,31,4,0
066,0,2025H2,1796,84,92,89,77,94,88,126,106,112,123,107,137,151,144,100,64,43,38,18,3,0
066,1,2025H2,934,44,42,48,33,45,45,85,60,53,64,60,68,83,75,63,28,18,10,8,2,0
066,2,2025H2,862,40,50,41,44,49,43,41,46,59,59,47,69,68,69,37,36,25,28,10,1,0
067,0,2025H2,1428,45,74,64,67,79,81,102,78,78,78,104,115,111,109,88,59,50,34,9,3,0
067,1,2025H2,711,20,35,37,29,45,41,50,47,42,39,52,60,57,57,49,27,18,4,2,0,0
067,2,2025H2,717,25,39,27,38,34,40,52,31,36,39,52,55,54,52,39,32,32,30,7,3,0
068,0,2025H2,6149,332,346,391,361,283,372,381,439,442,465,435,440,384,320,274,210,128,96,42,7,1
068,1,2025H2,3111,159,172,185,184,150,203,197,224,231,231,235,219,217,157,133,105,64,33,10,1,1
068,2,2025H2,3038,173,174,206,177,133,169,184,215,211,234,200,221,167,163,141,105,64,63,32,6,0
069,0,2025H2,3985,159,192,209,204,162,188,205,272,276,280,292,326,329,300,219,149,112,70,34,7,0
069,1,2025H2,2036,70,107,113,117,80,98,109,145,147,150,157,149,181,153,115,68,48,22,7,0,0
069,2,2025H2,1949,89,85,96,87,82,90,96,127,129,130,135,177,148,147,104,81,64,48,27,7,0
070,0,2025H2,103778,3955,4444,4760,4737,4171,4503,5404,6562,7549,7823,7179,7498,7556,6995,7154,5389,4303,2419,1082,244,51
070,1,2025H2,50938,2028,2256,2442,2410,2087,2415,2907,3473,3955,4139,3734,3770,3712,3269,3233,2255,1625,860,298,55,15
070,2,2025H2,52840,1927,2188,2318,2327,2084,2088,2497,3089,3594,3684,3445,3728,3844,3726,3921,3134,2678,1559,784,189,36
071,0,2025H2,16999,773,905,1006,949,782,798,911,1080,1234,1285,1198,1237,1133,997,906,704,528,377,166,28,2
071,1,2025H2,8479,409,450,500,524,405,407,482,560,632,665,614,598,564,490,450,313,212,147,52,5,0
071,2,2025H2,8520,364,455,506,425,377,391,429,520,602,620,584,639,569,507,456,391,316,230,114,23,2
072,0,2025H2,8234,375,431,535,484,403,390,444,567,650,699,570,565,527,441,386,333,218,146,57,13,0
072,1,2025H2,4116,189,246,283,243,209,217,218,278,327,366,295,295,255,216,191,131,92,49,12,4,0
072,2,2025H2,4118,186,185,252,241,194,173,226,289,323,333,275,270,272,225,195,202,126,97,45,9,0
073,0,2025H2,8407,394,399,442,401,424,438,458,523,543,619,616,621,565,592,509,406,246,146,55,10,0
073,1,2025H2,4292,199,211,235,206,227,237,245,285,315,318,342,312,277,291,234,181,103,55,15,4,0
073,2,2025H2,4115,195,188,207,195,197,201,213,238,228,301,274,309,288,301,275,225,143,91,40,6,0
074,0,2025H2,3476,139,159,129,170,152,172,174,209,215,262,239,236,275,278,264,149,144,64,39,6,1
074,1,2025H2,1733,60,83,64,78,80,86,114,101,112,145,125,117,146,137,140,57,52,20,16,0,0
074,2,2025H2,1743,79,76,65,92,72,86,60,108,103,117,114,119,129,141,124,92,92,44,23,6,1
075,0,2025H2,5009,186,207,280,263,201,229,251,286,355,417,368,373,347,363,318,237,163,105,48,10,2
075,1,2025H2,2570,108,118,125,148,109,126,131,138,187,218,206,193,174,178,166,106,77,45,16,1,0
075,2,2025H2,2439,78,89,155,115,92,103,120,148,168,199,162,180,173,185,152,131,86,60,32,9,2
076,0,2025H2,4638,192,216,230,225,208,267,255,275,306,359,347,331,337,338,301,216,137,71,23,4,0
076,1,2025H2,2293,90,98,102,109,101,131,135,145,156,195,190,149,176,179,146,98,61,22,9,1,0
076,2,2025H2,2345,102,118,128,116,107,136,120,130,150,164,157,182,161,159,155,118,76,49,14,3,0
077,0,2025H2,5680,295,336,349,381,309,330,342,332,397,415,435,405,371,300,246,207,120,73,27,9,1
077,1,2025H2,2824,154,175,184,190,146,148,175,160,206,208,223,205,190,149,111,111,60,18,11,0,0
077,2,2025H2,2856,141,161,165,191,163,182,167,172,191,207,212,200,181,151,135,96,60,55,16,9,1
078,0,2025H2,5993,226,254,245,246,281,270,314,335,387,469,472,437,436,473,445,321,200,121,46,13,2
078,1,2025H2,3019,122,134,134,130,148,139,188,183,199,242,240,211,224,232,225,141,81,36,8,2,0
078,2,2025H2,2974,104,120,111,116,133,131,126,152,188,227,232,226,212,241,220,180,119,85,38,11,2
079,0,2025H2,4442,227,222,223,237,222,243,260,283,289,332,330,302,276,280,253,188,161,80,32,2,0
079,1,2025H2,2194,122,125,117,127,101,115,135,141,150,164,170,154,134,134,110,84,69,35,7,0,0
079,2,2025H2,2248,105,97,106,110,121,128,125,142,139,168,160,148,142,146,143,104,92,45,25,2,0
080,0,2025H2,18323,600,730,808,854,785,751,857,1069,1261,1394,1419,1351,1305,1383,1379,1101,721,360,155,37,3
080,1,2025H2,8797,323,372,421,453,401,364,442,561,654,707,697,647,615,621,595,465,294,121,37,7,0
080,2,2025H2,9526,277,358,387,401,384,387,415,508,607,687,722,704,690,762,784,636,427,239,118,30,3
081,0,2025H2,3375,134,155,166,172,151,177,158,203,218,272,253,239,254,253,243,146,100,60,18,3,0
081,1,2025H2,1693,75,76,84,81,78,87,86,105,116,139,127,122,139,133,106,68,44,24,3,0,0
081,2,2025H2,1682,59,79,82,91,73,90,72,98,102,133,126,117,115,120,137,78,56,36,15,3,0
082,0,2025H2,5411,245,263,296,316,285,310,353,283,349,389,398,411,337,284,307,227,181,118,48,11,0
082,1,2025H2,2701,138,125,161,155,154,162,190,152,173,200,195,212,174,141,142,97,67,49,12,2,0
082,2,2025H2,2710,107,138,135,161,131,148,163,131,176,189,203,199,163,143,165,130,114,69,36,9,0
083,0,2025H2,2657,108,148,118,128,124,139,157,184,186,210,197,214,176,179,149,105,59,55,19,2,0
083,1,2025H2,1339,49,80,57,68,61,84,85,100,96,109,111,107,83,89,73,41,28,14,4,0,0
083,2,2025H2,1318,59,68,61,60,63,55,72,84,90,101,86,107,93,90,76,64,31,41,15,2,0
084,0,2025H2,30922,1104,1309,1580,1635,1374,1471,1521,1653,2074,2465,2255,2213,2095,2084,2218,1594,1024,804,347,94,8
084,1,2025H2,15299,557,683,827,834,716,777,776,856,1093,1313,1133,1136,1061,1012,1014,723,386,302,86,12,2
084,2,2025H2,15623,547,626,753,801,658,694,745,797,981,1152,1122,1077,1034,1072,1204,871,638,502,261,82,6
085,0,2025H2,37524,1868,2020,2144,2117,1773,1969,2108,2515,2703,2794,2547,2626,2559,2243,1956,1469,1078,671,301,59,4
085,1,2025H2,18718,934,1041,1107,1128,923,1044,1102,1364,1428,1432,1345,1335,1260,1063,828,621,435,239,82,7,0
085,2,2025H2,18806,934,979,1037,989,850,925,1006,1151,1275,1362,1202,1291,1299,1180,1128,848,643,432,219,52,4
086,0,2025H2,1605,67,74,89,86,72,73,100,112,120,113,118,119,118,93,86,84,55,23,3,0,0
086,1,2025H2,794,26,36,54,39,39,33,47,55,58,66,65,62,61,47,39,43,19,4,1,0,0
086,2,2025H2,811,41,38,35,47,33,40,53,57,62,47,53,57,57,46,47,41,36,19,2,0,0
087,0,2025H2,11760,417,494,533,605,511,625,626,706,764,857,904,897,953,834,761,537,411,223,83,15,4
087,1,2025H2,5917,221,255,311,333,248,314,345,373,397,449,484,431,489,443,341,231,164,65,20,3,0
087,2,2025H2,5843,196,239,222,272,263,311,281,333,367,408,420,466,464,391,420,306,247,158,63,12,4
088,0,2025H2,358,6,8,10,10,16,16,14,24,17,20,21,22,38,38,40,25,16,10,6,1,0
088,1,2025H2,187,2,4,5,9,9,9,7,12,6,10,14,11,22,19,22,14,10,1,1,0,0
088,2,2025H2,171,4,4,5,1,7,7,7,12,11,10,7,11,16,19,18,11,6,9,5,1,0
089,0,2025H2,7534,263,274,356,358,384,395,388,422,538,595,578,585,549,558,485,317,277,149,50,12,1
089,1,2025H2,3855,125,148,168,194,216,221,190,242,300,322,306,293,279,270,251,137,128,49,15,1,0
089,2,2025H2,3679,138,126,188,164,168,174,198,180,238,273,272,292,270,288,234,180,149,100,35,11,1
090,0,2025H2,17239,535,655,777,714,575,714,811,995,1260,1346,1251,1263,1407,1364,1371,985,591,392,181,45,7
090,1,2025H2,8492,267,358,396,374,289,367,407,535,660,716,657,617,676,688,615,455,232,127,45,9,2
090,2,2025H2,8747,268,297,381,340,286,347,404,460,600,630,594,646,731,676,756,530,359,265,136,36,5
091,0,2025H2,6107,216,277,330,311,319,296,294,376,458,492,456,420,399,411,410,311,163,118,39,9,2
091,1,2025H2,3159,108,140,173,164,187,154,159,199,254,259,245,216,201,207,210,149,76,44,9,4,1
091,2,2025H2,2948,108,137,157,147,132,142,135,177,204,233,211,204,198,204,200,162,87,74,30,5,1
092,0,2025H2,3641,166,203,204,172,170,180,207,234,269,238,250,251,279,261,222,152,99,59,19,6,0
092,1,2025H2,1838,87,101,99,97,96,96,92,115,152,127,120,121,139,131,116,79,37,25,5,3,0
092,2,2025H2,1803,79,102,105,75,74,84,115,119,117,111,130,130,140,130,106,73,62,34,14,3,0
093,0,2025H2,2267,84,90,105,108,125,93,108,121,157,169,145,189,179,180,182,91,80,36,24,1,0
093,1,2025H2,1151,36,52,53,54,68,50,52,67,83,94,71,99,91,101,83,48,30,8,11,0,0
093,2,2025H2,1116,48,38,52,54,57,43,56,54,74,75,74,90,88,79,99,43,50,28,13,1,0
094,0,2025H2,16406,723,874,987,921,724,741,863,1072,1299,1292,1128,1079,1109,1030,1024,729,399,267,108,31,6
094,1,2025H2,8291,376,464,505,487,355,388,445,557,685,698,598,541,556,521,474,339,177,86,30,6,3
094,2,2025H2,8115,347,410,482,434,369,353,418,515,614,594,530,538,553,509,550,390,222,181,78,25,3
095,0,2025H2,3768,189,194,244,226,192,192,210,256,271,261,303,266,238,231,162,139,98,63,25,8,0
095,1,2025H2,1872,97,98,126,114,93,100,108,130,145,128,138,153,113,119,79,61,41,24,4,1,0
095,2,2025H2,1896,92,96,118,112,99,92,102,126,126,133,165,113,125,112,83,78,57,39,21,7,0
096,0,2025H2,22762,824,970,1129,1056,976,1037,1224,1375,1642,1696,1638,1745,1759,1544,1443,1102,871,512,176,41,2
096,1,2025H2,11234,410,484,625,539,525,554,671,748,836,884,809,894,839,731,647,480,336,170,41,11,0
096,2,2025H2,11528,414,486,504,517,451,483,553,627,806,812,829,851,920,813,796,622,535,342,135,30,2
097,0,2025H2,5908,232,262,287,282,243,266,328,345,417,466,433,447,399,451,462,250,204,78,42,13,1
097,1,2025H2,2891,110,131,140,141,115,137,167,184,205,235,232,217,204,221,236,114,75,18,8,1,0
097,2,2025H2,3017,122,131,147,141,128,129,161,161,212,231,201,230,195,230,226,136,129,60,34,12,1
098,0,2025H2,8242,383,471,486,429,361,342,435,602,661,676,589,575,553,513,451,305,233,114,51,7,5
098,1,2025H2,4129,197,229,256,217,190,173,230,301,360,333,316,305,272,238,223,128,101,45,13,1,1
098,2,2025H2,4113,186,242,230,212,171,169,205,301,301,343,273,270,281,275,228,177,132,69,38,6,4
099,0,2025H2,4159,155,175,212,187,187,198,210,252,251,291,293,359,334,330,268,205,154,62,28,6,2
099,1,2025H2,2036,85,95,105,86,96,97,111,131,129,151,144,179,147,180,123,89,61,18,8,1,0
099,2,2025H2,2123,70,80,107,101,91,101,99,121,122,140,149,180,187,150,145,116,93,44,20,5,2
100,0,2025H2,4977,160,214,190,205,239,226,233,260,353,365,373,372,388,351,393,288,218,96,46,7,0
100,1,2025H2,2468,89,108,92,108,119,105,128,147,186,200,182,192,199,160,176,135,94,35,13,0,0
100,2,2025H2,2509,71,106,98,97,120,121,105,113,167,165,191,180,189,191,217,153,124,61,33,7,0
101,0,2025H2,6087,234,274,299,352,316,272,338,358,397,478,434,456,455,425,356,260,202,124,47,9,1
101,1,2025H2,3071,110,141,166,188,155,140,187,176,210,247,227,225,230,225,183,115,87,40,16,2,1
101,2,2025H2,3016,124,133,133,164,161,132,151,182,187,231,207,231,225,200,173,145,115,84,31,7,0
102,0,2025H2,18950,780,884,1002,1050,875,805,1001,1191,1301,1468,1365,1301,1277,1241,1170,875,663,460,180,59,2
102,1,2025H2,9293,420,446,528,521,470,436,493,626,635,767,700,617,604,603,531,374,270,178,59,15,0
102,2,2025H2,9657,360,438,474,529,405,369,508,565,666,701,665,684,673,638,639,501,393,282,121,44,2
103,0,2025H2,11261,435,526,527,542,507,540,554,693,784,866,704,817,845,887,795,518,409,222,70,18,2
103,1,2025H2,5674,233,282,279,275,262,291,298,364,429,441,362,420,406,433,387,237,161,91,18,5,0
103,2,2025H2,5587,202,244,248,267,245,249,256,329,355,425,342,397,439,454,408,281,248,131,52,13,2
104,0,2025H2,9722,488,577,594,514,430,484,642,686,697,622,617,675,694,629,494,335,252,199,77,16,0
104,1,2025H2,4942,247,295,301,256,225,239,330,394,376,348,316,349,339,312,254,150,107,68,30,6,0
104,2,2025H2,4780,241,282,293,258,205,245,312,292,321,274,301,326,355,317,240,185,145,131,47,10,0
105,0,2025H2,3065,138,139,144,146,126,138,178,174,219,225,229,235,251,229,186,156,94,36,15,7,0
105,1,2025H2,1540,78,79,76,75,61,72,89,77,110,118,121,115,139,119,93,72,35,7,3,1,0
105,2,2025H2,1525,60,60,68,71,65,66,89,97,109,107,108,120,112,110,93,84,59,29,12,6,0
106,0,2025H2,11254,424,488,545,581,566,605,594,697,779,875,844,843,859,774,663,480,374,176,70,15,2
106,1,2025H2,5703,235,248,284,311,304,330,345,356,451,445,430,431,431,365,310,201,151,53,16,5,1
106,2,2025H2,5551,189,240,261,270,262,275,249,341,328,430,414,412,428,409,353,279,223,123,54,10,1
107,0,2025H2,3026,114,132,154,152,131,169,180,167,194,236,229,262,249,209,165,122,89,48,18,5,1
107,1,2025H2,1497,53,64,82,85,65,79,112,83,110,120,113,128,130,98,68,54,36,12,4,0,1
107,2,2025H2,1529,61,68,72,67,66,90,68,84,84,116,116,134,119,111,97,68,53,36,14,5,0
108,0,2025H2,7082,239,275,324,352,311,346,319,435,503,514,594,534,559,520,456,337,272,132,53,5,2
108,1,2025H2,3565,113,141,169,180,174,189,167,232,274,285,300,271,266,269,208,145,108,55,17,2,0
108,2,2025H2,3517,126,134,155,172,137,157,152,203,229,229,294,263,293,251,248,192,164,77,36,3,2
109,0,2025H2,3894,171,199,206,180,178,177,206,242,261,305,265,245,308,301,277,191,79,69,27,6,1
109,1,2025H2,1991,90,93,102,105,93,97,104,132,143,168,140,131,147,144,139,101,36,16,7,3,0
109,2,2025H2,1903,81,106,104,75,85,80,102,110,118,137,125,114,161,157,138,90,43,53,20,3,1
110,0,2025H2,17129,740,814,883,795,802,923,904,1105,1180,1200,1168,1280,1311,1226,1048,747,510,328,135,25,5
110,1,2025H2,8680,379,417,442,404,415,471,490,610,633,658,619,664,638,624,511,337,226,104,29,7,2
110,2,2025H2,8449,361,397,441,391,387,452,414,495,547,542,549,616,673,602,537,410,284,224,106,18,3
111,0,2025H2,12798,496,550,648,703,507,552,606,757,924,1011,987,895,921,906,898,644,340,295,122,34,2
111,1,2025H2,6386,260,271,323,371,247,282,305,377,483,551,532,463,483,445,410,296,144,110,28,4,1
111,2,2025H2,6412,236,279,325,332,260,270,301,380,441,460,455,432,438,461,488,348,196,185,94,30,1
112,0,2025H2,17024,729,845,893,899,765,900,906,1120,1111,1248,1209,1212,1244,1227,1020,736,500,313,125,21,1
112,1,2025H2,8438,357,424,452,484,390,487,471,603,573,639,630,578,602,589,481,335,192,114,31,6,0
112,2,2025H2,8586,372,421,441,415,375,413,435,517,538,609,579,634,642,638,539,401,308,199,94,15,1
113,0,2025H2,25892,1120,1282,1438,1351,1219,1262,1368,1622,1906,2030,1949,1913,1759,1659,1552,1050,793,420,168,30,1
113,1,2025H2,12858,573,669,745,674,647,626,726,848,957,1042,1008,966,883,790,724,468,311,149,45,6,1
113,2,2025H2,13034,547,613,693,677,572,636,642,774,949,988,941,947,876,869,828,582,482,271,123,24,0
114,0,2025H2,15139,743,775,790,858,724,806,831,972,1097,1203,1110,1093,1077,967,798,543,401,244,89,16,2
114,1,2025H2,7675,379,406,382,457,366,451,444,514,576,665,571,559,533,466,404,227,159,91,21,4,0
114,2,2025H2,7464,364,369,408,401,358,355,387,458,521,538,539,534,544,501,394,316,242,153,68,12,2
115,0,2025H2,4098,156,174,177,217,206,217,176,222,284,308,325,311,325,313,242,193,139,77,26,9,1
115,1,2025H2,2007,81,89,81,111,112,106,87,112,125,162,167,158,162,146,130,92,55,24,4,2,1
115,2,2025H2,2091,75,85,96,106,94,111,89,110,159,146,158,153,163,167,112,101,84,53,22,7,0
116,0,2025H2,2865,115,131,158,168,131,151,142,175,192,235,184,254,226,179,166,101,83,48,21,5,0
116,1,2025H2,1416,56,65,71,83,68,71,68,88,97,117,101,132,118,103,81,43,30,17,6,1,0
116,2,2025H2,1449,59,66,87,85,63,80,74,87,95,118,83,122,108,76,85,58,53,31,15,4,0
117,0,2025H2,8822,413,484,505,539,501,502,479,503,596,697,643,662,522,472,447,358,242,176,68,11,2
117,1,2025H2,4382,198,271,260,273,257,263,256,247,292,346,330,319,263,236,220,164,96,62,27,2,0
117,2,2025H2,4440,215,213,245,266,244,239,223,256,304,351,313,343,259,236,227,194,146,114,41,9,2
118,0,2025H2,8370,311,427,408,411,384,364,436,533,618,620,672,616,626,600,576,342,248,114,53,8,3
118,1,2025H2,4163,159,232,205,206,190,186,212,269,323,322,342,312,308,305,267,160,110,39,16,0,0
118,2,2025H2,4207,152,195,203,205,194,178,224,264,295,298,330,304,318,295,309,182,138,75,37,8,3
119,0,2025H2,7531,411,492,472,402,363,395,493,491,531,479,516,474,547,463,364,260,183,124,58,12,1
119,1,2025H2,3834,221,258,250,201,175,208,261,249,279,252,283,251,264,231,180,131,83,39,15,3,0
119,2,2025H2,3697,190,234,222,201,188,187,232,242,252,227,233,223,283,232,184,129,100,85,43,9,1
120,0,2025H2,19789,884,1015,1011,1055,950,1040,1086,1235,1404,1465,1466,1473,1335,1324,1145,869,544,330,132,26,0
120,1,2025H2,9908,463,511,526,546,489,553,579,652,709,746,763,766,634,641,556,385,238,107,39,5,0
120,2,2025H2,9881,421,504,485,509,461,487,507,583,695,719,703,707,701,683,589,484,306,223,93,21,0
121,0,2025H2,3526,204,220,221,225,200,186,185,265,252,239,246,238,254,190,166,103,67,40,16,9,0
121,1,2025H2,1821,103,122,121,114,108,95,88,148,128,126,129,133,127,94,86,49,28,15,6,1,0
121,2,2025H2,1705,101,98,100,111,92,91,97,117,124,113,117,105,127,96,80,54,39,25,10,8,0
122,0,2025H2,23222,1161,1246,1377,1295,1137,1264,1280,1496,1673,1699,1501,1563,1540,1304,1296,940,720,472,213,42,3
122,1,2025H2,11465,593,642,715,638,579,659,666,802,841,898,735,814,752,604,610,394,291,181,41,10,0
122,2,2025H2,11757,568,604,662,657,558,605,614,694,832,801,766,749,788,700,686,546,429,291,172,32,3
123,0,2025H2,11609,525,671,791,742,595,573,540,737,947,1017,884,775,677,596,585,423,283,175,57,15,1
123,1,2025H2,5817,276,342,421,381,291,304,260,385,490,553,430,405,333,270,270,177,142,70,16,1,0
123,2,2025H2,5792,249,329,370,361,304,269,280,352,457,464,454,370,344,326,315,246,141,105,41,14,1
124,0,2025H2,10542,465,495,619,598,544,548,566,611,781,789,762,804,769,657,595,378,312,173,58,17,1
124,1,2025H2,5269,221,249,326,300,279,259,299,310,403,418,408,399,400,325,288,164,149,56,15,1,0
124,2,2025H2,5273,244,246,293,298,265,289,267,301,378,371,354,405,369,332,307,214,163,117,43,16,1
125,0,2025H2,3381,153,171,171,170,153,176,205,224,252,221,228,227,271,251,216,134,83,50,20,5,0
125,1,2025H2,1722,84,93,89,94,75,93,100,128,142,112,111,114,135,134,101,61,36,15,5,0,0
125,2,2025H2,1659,69,78,82,76,78,83,105,96,110,109,117,113,136,117,115,73,47,35,15,5,0
126,0,2025H2,8625,376,442,454,457,427,478,441,565,608,644,585,634,668,601,481,317,231,145,55,16,0
126,1,2025H2,4385,208,236,251,230,207,232,256,293,322,347,298,312,339,303,248,154,78,55,9,7,0
126,2,2025H2,4240,168,206,203,227,220,246,185,272,286,297,287,322,329,298,233,163,153,90,46,9,0
127,0,2025H2,4198,163,209,205,219,186,212,217,263,309,343,294,291,313,276,274,185,130,78,25,6,0
127,1,2025H2,2141,85,106,101,114,96,127,122,140,164,191,155,156,152,135,135,78,43,31,5,5,0
127,2,2025H2,2057,78,103,104,105,90,85,95,123,145,152,139,135,161,141,139,107,87,47,20,1,0
128,0,2025H2,10801,405,454,558,518,461,512,522,631,718,761,771,770,778,827,753,557,361,276,130,35,3
128,1,2025H2,5444,219,230,275,267,258,279,263,343,397,382,421,401,384,418,383,240,150,96,33,4,1
128,2,2025H2,5357,186,224,283,251,203,233,259,288,321,379,350,369,394,409,370,317,211,180,97,31,2
129,0,2025H2,15859,538,673,754,718,565,725,804,1052,1121,1183,994,1161,1267,1320,1136,794,591,298,133,29,3
129,1,2025H2,7816,293,330,391,385,303,378,432,560,594,638,493,566,580,627,524,335,239,104,40,4,0
129,2,2025H2,8043,245,343,363,333,262,347,372,492,527,545,501,595,687,693,612,459,352,194,93,25,3
130,0,2025H2,13406,727,813,830,707,645,698,846,953,971,1042,873,947,994,790,610,382,256,219,82,18,3
130,1,2025H2,6891,365,426,402,354,330,374,457,502,516,561,478,522,515,413,325,178,91,63,16,3,0
130,2,2025H2,6515,362,387,428,353,315,324,389,451,455,481,395,425,479,377,285,204,165,156,66,15,3
131,0,2025H2,14737,554,686,742,733,626,712,783,931,1032,1103,1009,1067,1104,989,1002,678,478,336,136,32,4
131,1,2025H2,7295,261,351,370,375,326,382,414,504,509,612,535,521,553,428,480,297,199,127,40,11,0
131,2,2025H2,7442,293,335,372,358,300,330,369,427,523,491,474,546,551,561,522,381,279,209,96,21,4
132,0,2025H2,3154,99,136,154,145,147,139,160,199,270,255,234,241,246,229,221,118,89,45,25,2,0
132,1,2025H2,1554,58,72,85,71,73,73,85,101,136,134,115,118,119,107,112,51,26,10,8,0,0
132,2,2025H2,1600,41,64,69,74,74,66,75,98,134,121,119,123,127,122,109,67,63,35,17,2,0
133,0,2025H2,32564,1265,1613,1795,1667,1506,1534,1525,2105,2497,2500,2109,2198,2526,2544,2191,1373,882,501,195,32,6
133,1,2025H2,16266,640,800,896,851,780,845,802,1081,1310,1322,1124,1057,1232,1213,1072,632,361,174,65,9,0
133,2,2025H2,16298,625,813,899,816,726,689,723,1024,1187,1178,985,1141,1294,1331,1119,741,521,327,130,23,6
134,0,2025H2,4520,196,268,283,253,218,210,268,306,310,335,306,300,309,254,263,183,121,84,40,12,1
134,1,2025H2,2314,93,139,146,145,121,112,136,159,168,185,155,157,150,133,117,87,58,36,14,3,0
134,2,2025H2,2206,103,129,137,108,97,98,132,147,142,150,151,143,159,121,146,96,63,48,26,9,1
135,0,2025H2,5571,209,277,278,269,208,246,330,373,399,432,402,443,470,420,366,216,136,62,32,3,0
135,1,2025H2,2898,106,147,140,133,120,122,180,200,218,223,208,240,255,238,167,110,58,24,9,0,0
135,2,2025H2,2673,103,130,138,136,88,124,150,173,181,209,194,203,215,182,199,106,78,38,23,3,0
136,0,2025H2,5771,293,314,349,324,286,323,319,390,378,420,385,400,349,318,341,275,141,115,42,8,1
136,1,2025H2,2884,153,159,184,153,134,156,163,223,196,206,213,186,196,156,164,129,56,43,11,3,0
136,2,2025H2,2887,140,155,165,171,152,167,156,167,182,214,172,214,153,162,177,146,85,72,31,5,1
137,0,2025H2,2204,91,105,124,117,120,124,101,152,149,148,148,176,157,154,134,98,63,30,9,3,1
137,1,2025H2,1142,50,52,68,61,60,67,60,79,84,80,81,101,79,70,68,48,21,10,3,0,0
137,2,2025H2,1062,41,53,56,56,60,57,41,73,65,68,67,75,78,84,66,50,42,20,6,3,1
138,0,2025H2,5239,248,298,342,346,301,276,255,329,373,399,432,393,329,304,200,171,127,86,26,4,0
138,1,2025H2,2650,128,149,195,182,147,152,127,175,186,188,224,198,159,152,100,72,60,42,13,1,0
138,2,2025H2,2589,120,149,147,164,154,124,128,154,187,211,208,195,170,152,100,99,67,44,13,3,0
139,0,2025H2,9347,413,465,475,522,471,467,539,612,634,713,658,684,691,577,501,395,266,191,59,13,1
139,1,2025H2,4701,226,221,252,282,236,227,286,321,341,376,328,341,355,278,245,204,108,53,20,1,0
139,2,2025H2,4646,187,244,223,240,235,240,253,291,293,337,330,343,336,299,256,191,158,138,39,12,1
140,0,2025H2,17734,806,966,1043,1083,844,888,951,1141,1283,1429,1343,1220,1170,1010,953,710,418,290,152,32,2
140,1,2025H2,8915,396,508,551,552,431,464,523,573,695,714,710,623,577,504,451,322,164,110,39,7,1
140,2,2025H2,8819,410,458,492,531,413,424,428,568,588,715,633,597,593,506,502,388,254,180,113,25,1
141,0,2025H2,2679,118,152,142,109,114,128,142,202,185,191,202,195,192,221,145,107,67,42,22,3,0
141,1,2025H2,1350,64,81,71,55,52,64,66,107,107,101,102,91,95,111,79,52,33,14,4,1,0
141,2,2025H2,1329,54,71,71,54,62,64,76,95,78,90,100,104,97,110,66,55,34,28,18,2,0
142,0,2025H2,16448,690,790,857,876,736,821,872,1031,1177,1232,1063,1196,1233,1197,1018,670,505,297,152,28,7
142,1,2025H2,8210,377,412,453,461,387,423,453,517,624,644,558,582,611,590,496,275,198,105,40,3,1
142,2,2025H2,8238,313,378,404,415,349,398,419,514,553,588,505,614,622,607,522,395,307,192,112,25,6
143,0,2025H2,1411,45,54,52,70,74,79,85,62,101,134,103,135,113,107,81,44,41,23,5,3,0
143,1,2025H2,737,20,26,23,44,38,43,55,36,55,71,54,77,59,54,44,17,16,5,0,0,0
143,2,2025H2,674,25,28,29,26,36,36,30,26,46,63,49,58,54,53,37,27,25,18,5,3,0
144,0,2025H2,6594,327,327,299,311,343,358,384,425,447,503,480,539,475,428,390,249,171,94,40,3,1
144,1,2025H2,3351,172,161,154,161,172,181,203,229,242,270,245,275,252,219,183,126,62,37,7,0,0
144,2,2025H2,3243,155,166,145,150,171,177,181,196,205,233,235,264,223,209,207,123,109,57,33,3,1
146,0,2025H2,6759,346,386,365,413,378,379,425,448,440,456,430,465,461,424,315,227,199,123,59,20,0
146,1,2025H2,3486,189,211,188,234,178,213,231,238,243,248,221,249,229,212,161,107,73,36,18,7,0
146,2,2025H2,3273,157,175,177,179,200,166,194,210,197,208,209,216,232,212,154,120,126,87,41,13,0
147,0,2025H2,5069,276,264,278,305,247,269,338,309,358,332,355,359,321,280,274,184,146,104,57,13,0
147,1,2025H2,2540,146,142,159,151,121,132,176,158,188,181,194,178,153,146,125,86,63,23,17,1,0
147,2,2025H2,2529,130,122,119,154,126,137,162,151,170,151,161,181,168,134,149,98,83,81,40,12,0
148,0,2025H2,2717,135,157,163,159,156,154,190,180,217,217,196,185,157,177,101,71,56,33,11,2,0
148,1,2025H2,1371,62,86,81,80,82,80,98,100,116,111,110,79,82,84,48,30,31,8,2,1,0
148,2,2025H2,1346,73,71,82,79,74,74,92,80,101,106,86,106,75,93,53,41,25,25,9,1,0
149,0,2025H2,1391,45,60,62,71,70,78,71,64,111,106,127,107,85,95,72,73,45,30,18,0,1
149,1,2025H2,694,23,35,31,37,32,42,40,29,63,53,65,57,37,45,32,34,21,13,5,0,0
149,2,2025H2,697,22,25,31,34,38,36,31,35,48,53,62,50,48,50,40,39,24,17,13,0,1
150,0,2025H2,1564,71,87,86,72,63,81,111,100,92,95,107,112,142,99,89,61,41,34,18,3,0
150,1,2025H2,832,32,43,57,43,36,49,65,52,51,56,58,58,70,57,42,27,18,12,5,1,0
150,2,2025H2,732,39,44,29,29,27,32,46,48,41,39,49,54,72,42,47,34,23,22,13,2,0
151,0,2025H2,6006,239,329,339,332,286,273,320,374,438,482,454,401,423,387,334,257,187,102,39,9,1
151,1,2025H2,3043,127,169,182,179,154,139,186,171,233,251,241,202,224,173,168,126,78,31,9,0,0
151,2,2025H2,2963,112,160,157,153,132,134,134,203,205,231,213,199,199,214,166,131,109,71,30,9,1
152,0,2025H2,1793,84,68,70,70,65,107,103,122,125,122,126,146,146,147,125,75,43,30,17,2,0
152,1,2025H2,889,42,30,40,29,34,57,54,61,78,60,60,66,77,75,67,31,13,14,1,0,0
152,2,2025H2,904,42,38,30,41,31,50,49,61,47,62,66,80,69,72,58,44,30,16,16,2,0
153,0,2025H2,2146,103,127,126,83,95,133,135,169,170,168,167,149,119,147,109,77,34,27,5,3,0
153,1,2025H2,1103,53,72,70,39,57,65,64,94,97,90,86,72,65,69,49,39,13,9,0,0,0
153,2,2025H2,1043,50,55,56,44,38,68,71,75,73,78,81,77,54,78,60,38,21,18,5,3,0
154,0,2025H2,1002,59,42,62,54,47,56,55,66,64,69,77,83,56,52,70,34,32,17,5,1,1
154,1,2025H2,480,30,19,34,21,18,27,30,32,35,31,41,39,32,22,34,12,14,7,2,0,0
154,2,2025H2,522,29,23,28,33,29,29,25,34,29,38,36,44,24,30,36,22,18,10,3,1,1
155,0,2025H2,2196,104,127,124,107,97,109,132,142,164,142,146,169,161,135,147,81,65,25,16,2,1
155,1,2025H2,1119,56,59,63,58,49,63,70,79,87,74,85,72,78,67,72,42,34,6,4,1,0
155,2,2025H2,1077,48,68,61,49,48,46,62,63,77,68,61,97,83,68,75,39,31,19,12,1,1
156,0,2025H2,1245,33,70,50,56,62,44,57,74,94,110,85,90,96,101,81,78,34,24,3,2,1
156,1,2025H2,612,22,32,22,23,29,27,29,40,49,61,38,42,44,51,42,34,19,5,1,1,1
156,2,2025H2,633,11,38,28,33,33,17,28,34,45,49,47,48,52,50,39,44,15,19,2,1,0
157,0,2025H2,3625,146,190,207,198,168,156,217,226,264,270,256,272,258,251,208,165,88,60,22,3,0
157,1,2025H2,1827,70,95,110,106,74,79,131,115,141,142,123,151,125,120,105,79,34,19,6,2,0
157,2,2025H2,1798,76,95,97,92,94,77,86,111,123,128,133,121,133,131,103,86,54,41,16,1,0
158,0,2025H2,1990,68,80,93,76,71,119,81,120,140,161,159,164,126,147,154,110,60,51,9,1,0
158,1,2025H2,980,24,29,54,36,40,51,40,64,78,87,76,93,54,88,68,51,27,15,5,0,0
158,2,2025H2,1010,44,51,39,40,31,68,41,56,62,74,83,71,72,59,86,59,33,36,4,1,0
159,0,2025H2,3926,153,195,228,197,177,165,187,229,313,305,289,273,237,282,250,202,139,75,23,7,0
159,1,2025H2,1975,77,110,112,101,88,92,97,126,153,161,153,140,107,139,130,92,66,22,7,2,0
159,2,2025H2,1951,76,85,116,96,89,73,90,103,160,144,136,133,130,143,120,110,73,53,16,5,0
160,0,2025H2,11514,423,580,634,583,510,473,546,700,818,894,852,889,851,776,687,496,447,253,83,19,0
160,1,2025H2,5776,205,304,336,300,275,246,279,369,426,462,444,466,422,371,338,208,193,100,28,4,0
160,2,2025H2,5738,218,276,298,283,235,227,267,331,392,432,408,423,429,405,349,288,254,153,55,15,0
161,0,2025H2,276,7,10,14,14,14,7,11,18,24,20,15,14,21,23,24,17,14,8,0,1,0
161,1,2025H2,137,2,3,7,8,7,3,4,10,12,13,5,7,11,11,16,8,6,4,0,0,0
161,2,2025H2,139,5,7,7,6,7,4,7,8,12,7,10,7,10,12,8,9,8,4,0,1,0
162,0,2025H2,2938,149,197,186,171,163,143,168,186,193,199,187,195,188,168,145,116,77,60,42,4,1
162,1,2025H2,1477,77,101,98,90,88,67,86,85,108,104,103,100,95,86,64,63,25,20,15,2,0
162,2,2025H2,1461,72,96,88,81,75,76,82,101,85,95,84,95,93,82,81,53,52,40,27,2,1
163,0,2025H2,691,41,41,34,32,31,33,30,57,40,49,41,43,48,36,57,37,26,11,4,0,0
163,1,2025H2,348,23,17,16,16,15,11,16,36,18,27,18,25,24,19,31,19,14,2,1,0,0
163,2,2025H2,343,18,24,18,16,16,22,14,21,22,22,23,18,24,17,26,18,12,9,3,0,0
164,0,2025H2,6572,333,395,475,456,353,326,344,452,521,589,469,429,351,301,300,192,163,73,45,5,0
164,1,2025H2,3308,171,212,231,227,188,165,177,236,261,296,249,221,167,143,136,109,70,36,13,0,0
164,2,2025H2,3264,162,183,244,229,165,161,167,216,260,293,220,208,184,158,164,83,93,37,32,5,0
165,0,2025H2,618,16,17,20,23,30,24,21,27,32,42,48,43,63,55,58,40,27,22,10,0,0
165,1,2025H2,329,8,11,11,11,17,12,12,16,17,25,24,27,34,32,34,19,10,5,4,0,0
165,2,2025H2,289,8,6,9,12,13,12,9,11,15,17,24,16,29,23,24,21,17,17,6,0,0
166,0,2025H2,3361,141,149,151,158,155,169,192,219,235,234,261,239,227,216,230,147,133,67,28,9,1
166,1,2025H2,1695,75,78,78,77,81,99,92,120,120,133,132,117,118,97,116,82,57,16,6,1,0
166,2,2025H2,1666,66,71,73,81,74,70,100,99,115,101,129,122,109,119,114,65,76,51,22,8,1
167,0,2025H2,2978,103,135,153,143,139,139,141,179,180,232,228,245,215,224,218,149,84,50,18,2,1
167,1,2025H2,1497,49,64,78,75,76,67,82,100,85,115,116,131,113,107,109,63,44,18,5,0,0
167,2,2025H2,1481,54,71,75,68,63,72,59,79,95,117,112,114,102,117,109,86,40,32,13,2,1
168,0,2025H2,4061,157,215,225,190,174,192,259,271,283,308,284,351,285,256,188,153,149,84,26,11,0
168,1,2025H2,1999,81,106,109,90,80,106,139,143,144,167,153,170,155,125,90,50,61,24,4,2,0
168,2,2025H2,2062,76,109,116,100,94,86,120,128,139,141,131,181,130,131,98,103,88,60,22,9,0
169,0,2025H2,7017,243,334,393,369,312,302,314,438,565,577,521,518,475,433,406,352,251,147,58,9,0
169,1,2025H2,3554,111,173,192,188,171,172,162,226,306,313,269,288,224,222,188,158,114,61,15,1,0
169,2,2025H2,3463,132,161,201,181,141,130,152,212,259,264,252,230,251,211,218,194,137,86,43,8,0
170,0,2025H2,3225,179,198,209,184,147,167,209,217,251,210,208,215,210,233,174,82,68,44,17,3,0
170,1,2025H2,1651,90,109,109,101,65,87,110,123,137,107,107,105,106,116,89,40,28,19,3,0,0
170,2,2025H2,1574,89,89,100,83,82,80,99,94,114,103,101,110,104,117,85,42,40,25,14,3,0
171,0,2025H2,4160,183,226,248,213,193,192,226,301,306,297,296,275,318,284,235,186,98,60,17,6,0
171,1,2025H2,2104,87,133,117,107,104,102,119,148,155,150,166,135,160,153,101,92,48,21,5,1,0
171,2,2025H2,2056,96,93,131,106,89,90,107,153,151,147,130,140,158,131,134,94,50,39,12,5,0
172,0,2025H2,1803,70,75,72,63,76,71,83,123,142,124,140,152,173,157,113,64,59,35,10,1,0
172,1,2025H2,932,35,39,31,34,37,35,48,74,76,71,79,77,80,99,51,34,17,12,3,0,0
172,2,2025H2,871,35,36,41,29,39,36,35,49,66,53,61,75,93,58,62,30,42,23,7,1,0
173,0,2025H2,6496,311,338,345,406,308,314,350,420,503,518,494,490,393,377,337,255,206,87,33,7,4
173,1,2025H2,3213,151,165,174,216,153,164,175,220,262,263,265,247,194,173,155,112,83,31,8,1,1
173,2,2025H2,3283,160,173,171,190,155,150,175,200,241,255,229,243,199,204,182,143,123,56,25,6,3
174,0,2025H2,5173,217,264,314,278,214,213,254,353,414,441,332,351,342,366,307,188,179,95,41,8,2
174,1,2025H2,2558,110,136,170,154,107,119,131,181,210,233,166,167,160,168,143,88,71,36,7,1,0
174,2,2025H2,2615,107,128,144,124,107,94,123,172,204,208,166,184,182,198,164,100,108,59,34,7,2
175,0,2025H2,6607,289,313,326,333,295,366,356,407,432,441,439,460,512,509,405,296,236,129,53,8,2
175,1,2025H2,3325,164,153,161,173,144,191,201,220,227,219,244,220,249,258,201,139,92,47,18,4,0
175,2,2025H2,3282,125,160,165,160,151,175,155,187,205,222,195,240,263,251,204,157,144,82,35,4,2
176,0,2025H2,1232,51,50,73,66,58,51,67,63,71,97,98,91,91,89,74,59,50,21,10,2,0
176,1,2025H2,621,22,27,37,36,27,27,34,35,36,53,57,53,52,44,30,25,15,8,2,1,0
176,2,2025H2,611,29,23,36,30,31,24,33,28,35,44,41,38,39,45,44,34,35,13,8,1,0
177,0,2025H2,1136,48,45,56,63,56,56,59,59,69,84,81,91,86,91,72,55,35,21,8,1,0
177,1,2025H2,576,25,22,31,33,32,31,35,35,26,44,43,46,41,51,36,24,12,8,1,0,0
177,2,2025H2,560,23,23,25,30,24,25,24,24,43,40,38,45,45,40,36,31,23,13,7,1,0
178,0,2025H2,4406,158,197,201,198,202,207,238,274,288,319,284,380,364,317,294,190,185,79,23,7,1
178,1,2025H2,2248,94,113,116,98,112,98,114,147,156,172,145,179,173,168,151,90,79,29,12,2,0
178,2,2025H2,2158,64,84,85,100,90,109,124,127,132,147,139,201,191,149,143,100,106,50,11,5,1
179,0,2025H2,2305,123,146,143,135,116,101,108,162,173,151,160,158,130,159,117,91,56,48,24,4,0
179,1,2025H2,1182,70,68,62,77,58,49,63,78,95,89,82,90,70,73,69,38,21,20,10,0,0
179,2,2025H2,1123,53,78,81,58,58,52,45,84,78,62,78,68,60,86,48,53,35,28,14,4,0
180,0,2025H2,522,22,26,26,28,26,20,27,31,36,31,35,37,38,48,37,14,17,15,6,2,0
180,1,2025H2,258,13,15,12,14,11,13,15,19,18,16,18,15,23,20,18,8,3,4,1,2,0
180,2,2025H2,264,9,11,14,14,15,7,12,12,18,15,17,22,15,28,19,6,14,11,5,0,0
181,0,2025H2,2325,94,109,148,114,127,136,127,167,176,160,170,190,155,152,110,83,61,35,9,2,0
181,1,2025H2,1170,43,60,81,61,73,62,70,72,92,82,89,88,90,80,50,39,24,10,2,2,0
181,2,2025H2,1155,51,49,67,53,54,74,57,95,84,78,81,102,65,72,60,44,37,25,7,0,0
182,0,2025H2,1192,67,72,60,55,42,67,79,87,87,89,89,90,85,75,70,27,27,17,5,2,0
182,1,2025H2,619,35,38,34,25,24,31,45,55,47,42,48,51,46,40,31,16,7,3,1,0,0
182,2,2025H2,573,32,34,26,30,18,36,34,32,40,47,41,39,39,35,39,11,20,14,4,2,0
183,0,2025H2,6118,214,259,316,302,247,260,269,329,414,485,442,411,432,451,425,368,219,172,83,18,2
183,1,2025H2,3045,112,145,165,157,121,138,138,177,227,251,231,211,213,207,204,167,91,58,27,5,0
183,2,2025H2,3073,102,114,151,145,126,122,131,152,187,234,211,200,219,244,221,201,128,114,56,13,2
184,0,2025H2,1854,120,113,113,88,79,82,130,147,140,134,134,121,118,116,74,65,45,26,9,0,0
184,1,2025H2,937,63,51,57,46,39,43,56,85,73,76,69,62,57,68,32,35,16,7,2,0,0
184,2,2025H2,917,57,62,56,42,40,39,74,62,67,58,65,59,61,48,42,30,29,19,7,0,0
185,0,2025H2,1406,62,84,90,87,63,63,103,91,119,107,91,116,88,80,59,49,32,17,4,1,0
185,1,2025H2,716,30,44,45,54,31,32,58,51,58,53,47,62,36,47,27,23,12,4,1,1,0
185,2,2025H2,690,32,40,45,33,32,31,45,40,61,54,44,54,52,33,32,26,20,13,3,0,0
186,0,2025H2,3824,148,186,234,239,199,197,150,196,238,317,347,253,201,182,228,239,162,74,30,4,0
186,1,2025H2,1898,74,108,125,124,104,106,75,97,114,163,172,131,100,86,92,100,76,34,14,3,0
186,2,2025H2,1926,74,78,109,115,95,91,75,99,124,154,175,122,101,96,136,139,86,40,16,1,0
187,0,2025H2,1356,42,46,59,61,65,75,66,68,107,99,126,113,94,98,94,69,48,18,5,2,1
187,1,2025H2,688,25,23,33,28,36,37,41,37,52,55,61,57,51,46,44,38,18,5,1,0,0
187,2,2025H2,668,17,23,26,33,29,38,25,31,55,44,65,56,43,52,50,31,30,13,4,2,1
188,0,2025H2,1329,56,59,50,50,68,70,76,61,74,83,118,106,95,97,74,91,51,36,11,2,1
188,1,2025H2,638,28,35,30,27,35,36,38,25,34,38,62,52,41,55,27,43,19,11,2,0,0
188,2,2025H2,691,28,24,20,23,33,34,38,36,40,45,56,54,54,42,47,48,32,25,9,2,1
189,0,2025H2,2738,147,134,159,139,133,164,186,176,182,198,194,207,179,172,148,101,62,40,15,2,0
189,1,2025H2,1385,72,71,80,77,72,84,96,86,97,96,95,101,96,104,69,46,25,15,3,0,0
189,2,2025H2,1353,75,63,79,62,61,80,90,90,85,102,99,106,83,68,79,55,37,25,12,2,0
190,0,2025H2,21475,841,979,1095,1146,978,1067,1087,1296,1574,1693,1528,1528,1469,1537,1342,971,774,398,152,16,4
190,1,2025H2,10706,420,506,535,585,505,559,562,695,838,928,780,767,728,731,642,440,312,127,44,0,2
190,2,2025H2,10769,421,473,560,561,473,508,525,601,736,765,748,761,741,806,700,531,462,271,108,16,2
191,0,2025H2,1305,57,75,68,59,55,58,67,111,95,98,86,100,105,101,69,39,38,13,10,1,0
191,1,2025H2,689,34,45,29,36,29,29,38,62,53,55,42,51,49,54,37,19,21,5,1,0,0
191,2,2025H2,616,23,30,39,23,26,29,29,49,42,43,44,49,56,47,32,20,17,8,9,1,0
192,0,2025H2,4597,202,249,232,225,204,224,251,299,298,311,328,306,320,293,288,209,186,114,48,9,1
192,1,2025H2,2288,103,134,126,119,101,121,137,147,158,153,157,156,157,137,145,97,71,50,18,1,0
192,2,2025H2,2309,99,115,106,106,103,103,114,152,140,158,171,150,163,156,143,112,115,64,30,8,1
193,0,2025H2,4792,244,280,261,256,232,268,336,332,313,344,314,355,388,289,219,157,99,57,40,8,0
193,1,2025H2,2434,125,150,134,125,116,139,184,177,159,179,159,192,204,147,110,79,25,20,8,2,0
193,2,2025H2,2358,119,130,127,131,116,129,152,155,154,165,155,163,184,142,109,78,74,37,32,6,0
194,0,2025H2,5727,319,349,312,316,267,360,337,388,421,392,358,384,401,361,330,198,130,78,24,2,0
194,1,2025H2,2915,151,189,160,156,154,186,172,206,219,203,187,204,192,188,165,94,56,25,8,0,0
194,2,2025H2,2812,168,160,152,160,113,174,165,182,202,189,171,180,209,173,165,104,74,53,16,2,0
195,0,2025H2,3504,129,131,186,168,141,146,170,238,280,289,267,266,284,257,227,142,111,45,21,4,2
195,1,2025H2,1755,75,61,92,95,64,68,93,121,139,162,139,135,140,119,117,66,50,12,7,0,0
195,2,2025H2,1749,54,70,94,73,77,78,77,117,141,127,128,131,144,138,110,76,61,33,14,4,2
196,0,2025H2,2319,68,84,114,120,105,104,122,152,174,183,171,184,202,195,141,90,62,33,13,2,0
196,1,2025H2,1255,36,53,57,66,52,49,71,89,98,109,100,92,116,114,74,43,24,11,1,0,0
196,2,2025H2,1064,32,31,57,54,53,55,51,63,76,74,71,92,86,81,67,47,38,22,12,2,0
197,0,2025H2,2492,86,119,138,133,126,114,121,165,162,190,182,193,171,195,150,98,75,46,20,6,2
197,1,2025H2,1266,55,68,72,63,66,64,60,87,88,107,95,97,85,95,72,45,29,14,3,1,0
197,2,2025H2,1226,31,51,66,70,60,50,61,78,74,83,87,96,86,100,78,53,46,32,17,5,2
198,0,2025H2,2077,87,94,101,94,109,103,98,138,151,164,135,163,153,161,132,89,66,27,11,1,0
198,1,2025H2,1067,47,53,56,45,55,51,53,72,78,82,63,100,71,81,73,46,30,6,5,0,0
198,2,2025H2,1010,40,41,45,49,54,52,45,66,73,82,72,63,82,80,59,43,36,21,6,1,0
199,0,2025H2,3318,182,206,185,172,158,166,193,213,251,229,241,231,238,199,174,115,80,55,22,8,0
199,1,2025H2,1678,104,111,93,71,78,90,96,115,131,119,135,122,124,99,83,50,30,20,6,1,0
199,2,2025H2,1640,78,95,92,101,80,76,97,98,120,110,106,109,114,100,91,65,50,35,16,7,0
200,0,2025H2,4159,153,158,225,202,200,201,204,219,301,291,324,322,310,321,292,189,139,72,26,9,1
200,1,2025H2,2061,81,70,126,103,94,97,103,118,155,143,173,175,158,145,146,83,58,26,6,1,0
200,2,2025H2,2098,72,88,99,99,106,104,101,101,146,148,151,147,152,176,146,106,81,46,20,8,1
201,0,2025H2,4290,139,203,228,229,186,175,196,255,290,331,327,286,313,294,306,250,115,99,52,13,3
201,1,2025H2,2129,72,106,103,119,93,87,109,136,136,178,185,128,162,145,143,127,50,35,14,1,0
201,2,2025H2,2161,67,97,125,110,93,88,87,119,154,153,142,158,151,149,163,123,65,64,38,12,3
202,0,2025H2,1881,72,82,85,95,62,86,98,101,129,127,125,135,161,162,126,81,83,54,12,3,2
202,1,2025H2,913,38,40,47,48,32,51,47,48,67,59,68,67,83,74,57,36,31,16,3,0,1
202,2,2025H2,968,34,42,38,47,30,35,51,53,62,68,57,68,78,88,69,45,52,38,9,3,1
203,0,2025H2,3995,181,215,193,207,214,219,204,257,288,298,263,280,273,282,258,164,102,65,28,4,0
203,1,2025H2,2050,92,104,108,96,117,117,102,140,159,169,141,155,124,141,130,84,38,24,8,1,0
203,2,2025H2,1945,89,111,85,111,97,102,102,117,129,129,122,125,149,141,128,80,64,41,20,3,0
204,0,2025H2,2275,123,130,96,82,98,103,168,184,145,145,176,195,167,164,120,70,59,33,12,3,2
204,1,2025H2,1154,58,69,50,44,53,48,89,96,74,74,91,104,79,91,65,26,30,11,0,1,1
204,2,2025H2,1121,65,61,46,38,45,55,79,88,71,71,85,91,88,73,55,44,29,22,12,2,1
205,0,2025H2,2011,64,94,94,91,113,107,96,118,149,156,158,150,152,155,120,72,82,31,7,2,0
205,1,2025H2,1010,34,51,48,41,53,57,48,59,88,76,90,76,72,82,56,37,30,9,2,1,0
205,2,2025H2,1001,30,43,46,50,60,50,48,59,61,80,68,74,80,73,64,35,52,22,5,1,0
206,0,2025H2,3555,182,177,191,206,142,176,196,253,268,291,225,256,275,242,183,128,75,54,30,5,0
206,1,2025H2,1803,92,91,114,97,58,97,95,126,138,159,119,138,134,117,88,70,32,29,8,1,0
206,2,2025H2,1752,90,86,77,109,84,79,101,127,130,132,106,118,141,125,95,58,43,25,22,4,0
207,0,2025H2,2759,126,122,147,140,133,139,157,173,169,204,201,194,199,171,167,124,92,65,30,6,0
207,1,2025H2,1361,58,56,79,78,67,74,82,84,79,115,103,100,96,80,83,57,30,26,10,4,0
207,2,2025H2,1398,68,66,68,62,66,65,75,89,90,89,98,94,103,91,84,67,62,39,20,2,0
208,0,2025H2,3811,155,177,182,215,213,179,207,213,256,270,309,272,231,196,185,263,161,93,32,2,0
208,1,2025H2,1903,72,87,88,112,106,95,111,101,150,149,153,141,118,93,90,101,77,43,15,1,0
208,2,2025H2,1908,83,90,94,103,107,84,96,112,106,121,156,131,113,103,95,162,84,50,17,1,0
209,0,2025H2,2293,89,101,115,127,98,115,144,125,150,199,165,188,152,152,144,98,75,38,14,4,0
209,1,2025H2,1222,48,53,63,73,59,62,80,82,77,112,93,96,81,72,70,46,35,14,4,2,0
209,2,2025H2,1071,41,48,52,54,39,53,64,43,73,87,72,92,71,80,74,52,40,24,10,2,0
210,0,2025H2,2177,93,122,100,109,120,137,146,118,139,155,174,174,130,130,138,80,57,39,13,3,0
210,1,2025H2,1104,45,65,54,52,61,78,75,61,71,88,87,92,61,59,80,32,25,14,3,1,0
210,2,2025H2,1073,48,57,46,57,59,59,71,57,68,67,87,82,69,71,58,48,32,25,10,2,0
211,0,2025H2,2551,123,146,124,151,132,143,159,166,159,184,190,186,194,140,137,90,62,46,17,2,0
211,1,2025H2,1277,65,76,60,83,66,73,82,82,83,96,97,104,95,75,57,38,27,15,3,0,0
211,2,2025H2,1274,58,70,64,68,66,70,77,84,76,88,93,82,99,65,80,52,35,31,14,2,0
212,0,2025H2,2767,133,157,155,132,90,140,189,220,205,193,143,202,215,197,147,112,76,39,17,4,1
212,1,2025H2,1403,69,86,80,62,40,72,90,120,112,105,76,101,100,99,78,56,36,16,3,2,0
212,2,2025H2,1364,64,71,75,70,50,68,99,100,93,88,67,101,115,98,69,56,40,23,14,2,1
213,0,2025H2,3176,91,112,145,154,136,117,155,162,212,262,233,224,273,245,275,176,104,64,34,2,0
213,1,2025H2,1519,53,58,77,76,66,54,70,78,104,140,111,109,118,117,129,84,46,21,8,0,0
213,2,2025H2,1657,38,54,68,78,70,63,85,84,108,122,122,115,155,128,146,92,58,43,26,2,0
